campus_Number,school,district,yrs_unacceptable,rating,year
101902001,ALDINE HIGH SCHOOL,ALDINE ISD,0,C,2019
101902099,ALDINE J J A E P,ALDINE ISD,0,Not Rated,2019
101902041,ALDINE MIDDLE,ALDINE ISD,0,D,2019
101902101,ANDERSON ACADEMY,ALDINE ISD,1,F,2019
101902015,AVALOS P-TECH SCHOOL,ALDINE ISD,0,Not Rated,2019
101902014,BLANSON CTE HIGH SCHOOL,ALDINE ISD,0,A,2019
101902131,BUSSEY ELEMENTARY,ALDINE ISD,0,C,2019
101902128,CALVERT ELEMENTARY,ALDINE ISD,0,B,2019
101902141,CARAWAY ELEMENTARY,ALDINE ISD,0,D,2019
101902122,CARMICHAEL ELEMENTARY,ALDINE ISD,0,B,2019
101902103,CARROLL ELEMENTARY,ALDINE ISD,0,C,2019
101902107,CARTER ACADEMY,ALDINE ISD,0,C,2019
101902002,CARVER HIGH SCHOOL FOR APPLIED TECH/ENGINE,ALDINE ISD,0,B,2019
101902123,CONLEY ELEMENTARY,ALDINE ISD,0,B,2019
101902136,CYPRESSWOOD ELEMENTARY,ALDINE ISD,0,C,2019
101902012,DAVIS HIGH SCHOOL ALDINE,ALDINE ISD,0,C,2019
101902155,DE SANTIAGO EC/PK/K,ALDINE ISD,0,C,2019
101902042,DREW ACADEMY,ALDINE ISD,0,C,2019
101902124,DUNN ELEMENTARY,ALDINE ISD,0,B,2019
101902137,ECKERT ELEMENTARY,ALDINE ISD,1,F,2019
101902004,EISENHOWER HIGH SCHOOL,ALDINE ISD,0,C,2019
101902121,ERMEL ELEMENTARY,ALDINE ISD,0,B,2019
101902138,ESCAMILLA ELEMENTARY,ALDINE ISD,0,C,2019
101902105,FRANCIS ELEMENTARY,ALDINE ISD,0,C,2019
101902053,GARCIA MIDDLE,ALDINE ISD,0,C,2019
101902163,GARCIA-LEZA EC/PK/K,ALDINE ISD,0,C,2019
101902106,GOODMAN ELEMENTARY,ALDINE ISD,0,C,2019
101902048,GRANTHAM ACADEMY,ALDINE ISD,0,C,2019
101902125,GRAY ELEMENTARY,ALDINE ISD,0,B,2019
101902135,GREENSPOINT ELEMENTARY,ALDINE ISD,0,C,2019
101902161,GRIGGS EC/PK/K,ALDINE ISD,0,C,2019
101902013,HALL CENTER FOR EDUCATION,ALDINE ISD,0,D,2019
101902043,HAMBRICK MIDDLE,ALDINE ISD,0,D,2019
101902129,HARRIS ELEMENTARY,ALDINE ISD,0,C,2019
101902098,HIGHPOINT,ALDINE ISD,0,Not Rated,2019
101902144,HILL ELEMENTARY,ALDINE ISD,0,D,2019
101902153,HINOJOSA EC/PK/K,ALDINE ISD,0,A,2019
101902046,HOFFMAN MIDDLE,ALDINE ISD,0,C,2019
101902062,HOUSTON ACADEMY,ALDINE ISD,0,B,2019
101902116,JOHNSON ELEMENTARY,ALDINE ISD,0,C,2019
101902165,JONES EC/PK/K,ALDINE ISD,0,C,2019
101902134,JONES ELEMENTARY,ALDINE ISD,0,C,2019
101902054,JONES MIDDLE,ALDINE ISD,0,C,2019
101902151,KEEBLE EC/PK/K,ALDINE ISD,0,B,2019
101902164,KUJAWA EC/PK/K,ALDINE ISD,0,C,2019
101902130,KUJAWA ELEMENTARY,ALDINE ISD,0,C,2019
101902108,LANE SCHOOL,ALDINE ISD,0,Not Rated,2019
101902052,LEWIS MIDDLE,ALDINE ISD,0,D,2019
101902003,MACARTHUR HIGH SCHOOL,ALDINE ISD,0,C,2019
101902162,MAGRILL EC/PK/K,ALDINE ISD,0,C,2019
101902145,MARCELLA ELEMENTARY,ALDINE ISD,0,C,2019
101902055,MEAD MIDDLE,ALDINE ISD,0,C,2019
101902005,NIMITZ HIGH SCHOOL,ALDINE ISD,0,B,2019
101902115,ODOM ELEMENTARY,ALDINE ISD,0,B,2019
101902146,OGDEN ELEMENTARY,ALDINE ISD,1,F,2019
101902111,OLESON ELEMENTARY,ALDINE ISD,0,C,2019
101902112,ORANGE GROVE ELEMENTARY,ALDINE ISD,0,D,2019
101902051,PLUMMER MIDDLE,ALDINE ISD,0,C,2019
101902113,RAYMOND ELEMENTARY,ALDINE ISD,0,C,2019
101902104,REECE ACADEMY,ALDINE ISD,1,F,2019
101902143,REED ACADEMY,ALDINE ISD,0,C,2019
101902118,SAMMONS ELEMENTARY,ALDINE ISD,0,B,2019
101902047,SHOTWELL MIDDLE,ALDINE ISD,0,C,2019
101902132,SPENCE ELEMENTARY,ALDINE ISD,0,C,2019
101902139,STEHLIK ELEMENTARY,ALDINE ISD,0,C,2019
101902119,STEPHENS ELEMENTARY,ALDINE ISD,0,A,2019
101902167,STOVALL EC/PK/K,ALDINE ISD,0,B,2019
101902044,STOVALL MIDDLE,ALDINE ISD,0,C,2019
101902045,TEAGUE MIDDLE,ALDINE ISD,0,D,2019
101902166,VARDEMAN EC/PK/K,ALDINE ISD,0,C,2019
101902008,VICTORY EARLY COLLEGE HIGH SCHOOL,ALDINE ISD,0,A,2019
101902154,VINES EC/PK/K,ALDINE ISD,0,B,2019
101902110,WORSHAM ELEMENTARY,ALDINE ISD,0,D,2019
101907107,ADAM ELEMENTARY,CYPRESS-FAIRBANKS ISD,0,B,2019
101907146,ANDRE ELEMENTARY,CYPRESS-FAIRBANKS ISD,0,B,2019
101907058,ANTHONY MIDDLE,CYPRESS-FAIRBANKS ISD,0,B,2019
101907051,ARAGON MIDDLE,CYPRESS-FAIRBANKS ISD,0,A,2019
101907041,ARNOLD MIDDLE,CYPRESS-FAIRBANKS ISD,0,A,2019
101907133,AULT ELEMENTARY,CYPRESS-FAIRBANKS ISD,0,B,2019
101907101,BANE ELEMENTARY,CYPRESS-FAIRBANKS ISD,0,D,2019
101907125,BANG ELEMENTARY,CYPRESS-FAIRBANKS ISD,0,B,2019
101907139,BIRKES ELEMENTARY,CYPRESS-FAIRBANKS ISD,0,A,2019
101907148,BLACK ELEMENTARY,CYPRESS-FAIRBANKS ISD,0,A,2019
101907043,BLEYL MIDDLE,CYPRESS-FAIRBANKS ISD,0,B,2019
101907016,BRIDGELAND HIGH SCHOOL,CYPRESS-FAIRBANKS ISD,0,A,2019
101907044,CAMPBELL MIDDLE,CYPRESS-FAIRBANKS ISD,0,B,2019
101907047,COOK MIDDLE,CYPRESS-FAIRBANKS ISD,0,A,2019
101907130,COPELAND ELEMENTARY,CYPRESS-FAIRBANKS ISD,0,A,2019
101907002,CY-FAIR HIGH SCHOOL,CYPRESS-FAIRBANKS ISD,0,A,2019
101907004,CYPRESS CREEK HIGH SCHOOL,CYPRESS-FAIRBANKS ISD,0,B,2019
101907007,CYPRESS FALLS HIGH SCHOOL,CYPRESS-FAIRBANKS ISD,0,B,2019
101907013,CYPRESS LAKES HIGH SCHOOL,CYPRESS-FAIRBANKS ISD,0,B,2019
101907015,CYPRESS PARK HIGH SCHOOL,CYPRESS-FAIRBANKS ISD,0,B,2019
101907012,CYPRESS RANCH HIGH SCHOOL,CYPRESS-FAIRBANKS ISD,0,A,2019
101907010,CYPRESS RIDGE HIGH SCHOOL,CYPRESS-FAIRBANKS ISD,0,B,2019
101907009,CYPRESS SPRINGS HIGH SCHOOL,CYPRESS-FAIRBANKS ISD,0,B,2019
101907011,CYPRESS WOODS HIGH SCHOOL,CYPRESS-FAIRBANKS ISD,0,A,2019
101907037,CYPRESS-FAIRBANKS J J A E P,CYPRESS-FAIRBANKS ISD,0,Not Rated,2019
101907145,DANISH ELEMENTARY,CYPRESS-FAIRBANKS ISD,0,A,2019
101907042,DEAN MIDDLE,CYPRESS-FAIRBANKS ISD,0,B,2019
101907142,DURYEA ELEMENTARY,CYPRESS-FAIRBANKS ISD,0,B,2019
101907154,EMERY ELEMENTARY,CYPRESS-FAIRBANKS ISD,0,B,2019
101907120,EMMOTT ELEMENTARY,CYPRESS-FAIRBANKS ISD,0,C,2019
101907135,FARNEY ELEMENTARY,CYPRESS-FAIRBANKS ISD,0,A,2019
101907124,FIEST ELEMENTARY,CYPRESS-FAIRBANKS ISD,0,B,2019
101907112,FRANCONE ELEMENTARY,CYPRESS-FAIRBANKS ISD,0,C,2019
101907117,FRAZIER ELEMENTARY,CYPRESS-FAIRBANKS ISD,0,C,2019
101907136,GLEASON ELEMENTARY,CYPRESS-FAIRBANKS ISD,0,B,2019
101907052,GOODSON MIDDLE,CYPRESS-FAIRBANKS ISD,0,A,2019
101907128,HAIRGROVE ELEMENTARY,CYPRESS-FAIRBANKS ISD,0,A,2019
101907126,HAMILTON ELEMENTARY,CYPRESS-FAIRBANKS ISD,0,A,2019
101907108,HANCOCK ELEMENTARY,CYPRESS-FAIRBANKS ISD,0,B,2019
101907151,HEMMENWAY ELEMENTARY,CYPRESS-FAIRBANKS ISD,0,C,2019
101907106,HOLBROOK ELEMENTARY,CYPRESS-FAIRBANKS ISD,0,B,2019
101907121,HOLMSLEY ELEMENTARY,CYPRESS-FAIRBANKS ISD,0,B,2019
101907159,HOOVER ELEMENTARY,CYPRESS-FAIRBANKS ISD,0,B,2019
101907055,HOPPER MIDDLE,CYPRESS-FAIRBANKS ISD,0,B,2019
101907113,HORNE ELEMENTARY,CYPRESS-FAIRBANKS ISD,0,B,2019
101907003,JERSEY VILLAGE HIGH SCHOOL,CYPRESS-FAIRBANKS ISD,0,B,2019
101907122,JOWELL ELEMENTARY,CYPRESS-FAIRBANKS ISD,0,B,2019
101907053,KAHLA MIDDLE,CYPRESS-FAIRBANKS ISD,0,B,2019
101907143,KEITH ELEMENTARY,CYPRESS-FAIRBANKS ISD,0,A,2019
101907134,KIRK ELEMENTARY,CYPRESS-FAIRBANKS ISD,0,B,2019
101907046,LABAY MIDDLE,CYPRESS-FAIRBANKS ISD,0,A,2019
101907103,LAMKIN ELEMENTARY,CYPRESS-FAIRBANKS ISD,0,B,2019
101907005,LANGHAM CREEK HIGH SCHOOL,CYPRESS-FAIRBANKS ISD,0,A,2019
101907144,LEE ELEMENTARY,CYPRESS-FAIRBANKS ISD,0,B,2019
101907111,LIEDER ELEMENTARY,CYPRESS-FAIRBANKS ISD,0,B,2019
101907116,LOWERY ELEMENTARY,CYPRESS-FAIRBANKS ISD,0,B,2019
101907105,MATZKE ELEMENTARY,CYPRESS-FAIRBANKS ISD,0,C,2019
101907150,MCFEE ELEMENTARY,CYPRESS-FAIRBANKS ISD,0,B,2019
101907127,METCALF ELEMENTARY,CYPRESS-FAIRBANKS ISD,0,B,2019
101907110,MILLSAP ELEMENTARY,CYPRESS-FAIRBANKS ISD,0,B,2019
101907115,MOORE ELEMENTARY,CYPRESS-FAIRBANKS ISD,0,A,2019
101907119,OWENS ELEMENTARY,CYPRESS-FAIRBANKS ISD,0,C,2019
101907156,POPE ELEMENTARY,CYPRESS-FAIRBANKS ISD,0,A,2019
101907104,POST ELEMENTARY,CYPRESS-FAIRBANKS ISD,0,B,2019
101907147,POSTMA ELEMENTARY,CYPRESS-FAIRBANKS ISD,0,A,2019
101907129,REED ELEMENTARY,CYPRESS-FAIRBANKS ISD,0,B,2019
101907155,RENNELL ELEMENTARY,CYPRESS-FAIRBANKS ISD,0,A,2019
101907140,ROBISON ELEMENTARY,CYPRESS-FAIRBANKS ISD,0,A,2019
101907057,SALYARDS MIDDLE,CYPRESS-FAIRBANKS ISD,0,A,2019
101907138,SAMPSON ELEMENTARY,CYPRESS-FAIRBANKS ISD,0,A,2019
101907132,SHERIDAN ELEMENTARY,CYPRESS-FAIRBANKS ISD,0,C,2019
101907056,SMITH MIDDLE,CYPRESS-FAIRBANKS ISD,0,A,2019
101907054,SPILLANE MIDDLE,CYPRESS-FAIRBANKS ISD,0,A,2019
101907153,SWENKE ELEMENTARY,CYPRESS-FAIRBANKS ISD,0,A,2019
101907050,THORNTON MIDDLE,CYPRESS-FAIRBANKS ISD,0,B,2019
101907141,TIPPS ELEMENTARY,CYPRESS-FAIRBANKS ISD,0,B,2019
101907048,TRUITT MIDDLE,CYPRESS-FAIRBANKS ISD,0,B,2019
101907137,WALKER ELEMENTARY,CYPRESS-FAIRBANKS ISD,0,B,2019
101907149,WARNER ELEMENTARY,CYPRESS-FAIRBANKS ISD,0,A,2019
101907045,WATKINS MIDDLE,CYPRESS-FAIRBANKS ISD,0,B,2019
101907158,WELLS ELEMENTARY,CYPRESS-FAIRBANKS ISD,0,A,2019
101907131,WILLBERN ELEMENTARY,CYPRESS-FAIRBANKS ISD,0,B,2019
101907118,WILSON ELEMENTARY,CYPRESS-FAIRBANKS ISD,0,C,2019
101907157,WOODARD ELEMENTARY,CYPRESS-FAIRBANKS ISD,0,A,2019
101907109,YEAGER ELEMENTARY,CYPRESS-FAIRBANKS ISD,0,B,2019
101910101,CIMARRON ELEMENTARY,GALENA PARK ISD,0,B,2019
101910102,CLOVERLEAF ELEMENTARY,GALENA PARK ISD,0,B,2019
101910045,COBB 6TH GRADE CAMPUS,GALENA PARK ISD,0,B,2019
101910044,CUNNINGHAM MIDDLE,GALENA PARK ISD,0,B,2019
101910115,DR SHIRLEY J WILLIAMSON ELEMENTARY,GALENA PARK ISD,0,B,2019
101910104,GALENA PARK ELEMENTARY,GALENA PARK ISD,0,B,2019
101910002,GALENA PARK HIGH SCHOOL,GALENA PARK ISD,0,B,2019
101910030,GALENA PARK ISD CAREER & TECHNICAL,GALENA PARK ISD,0,A,2019
101910041,GALENA PARK MIDDLE,GALENA PARK ISD,0,B,2019
101910105,GREEN VALLEY ELEMENTARY,GALENA PARK ISD,0,C,2019
101910006,HIGHPOINT SCHOOL EAST (DAEP),GALENA PARK ISD,0,Not Rated,2019
101910106,JACINTO CITY ELEMENTARY,GALENA PARK ISD,0,A,2019
101910113,JAMES B HAVARD ELEMENTARY,GALENA PARK ISD,0,C,2019
101910008,JUVENILE JUSTICE AEP,GALENA PARK ISD,0,Not Rated,2019
101910107,MACARTHUR ELEMENTARY,GALENA PARK ISD,0,B,2019
101910114,NORMANDY CROSSING ELEMENTARY,GALENA PARK ISD,0,B,2019
101910108,NORTH SHORE ELEMENTARY,GALENA PARK ISD,0,B,2019
101910042,NORTH SHORE MIDDLE,GALENA PARK ISD,0,B,2019
101910003,NORTH SHORE SENIOR HIGH,GALENA PARK ISD,0,B,2019
101910112,PURPLE SAGE ELEMENTARY,GALENA PARK ISD,0,B,2019
101910109,PYBURN ELEMENTARY,GALENA PARK ISD,0,A,2019
101910116,SAM HOUSTON ELEMENTARY,GALENA PARK ISD,0,C,2019
101910111,TICE ELEMENTARY,GALENA PARK ISD,0,B,2019
101910110,WOODLAND ACRES ELEMENTARY,GALENA PARK ISD,0,A,2019
101910043,WOODLAND ACRES MIDDLE,GALENA PARK ISD,0,B,2019
101911101,ALAMO ELEMENTARY,GOOSE CREEK CISD,0,A,2019
101911113,ASHBEL SMITH ELEMENTARY,GOOSE CREEK CISD,0,C,2019
101911125,BANUELEMENTARYOS ELEMENTARY,GOOSE CREEK CISD,0,B,2019
101911041,BAYTOWN J H,GOOSE CREEK CISD,0,C,2019
101911105,CARVER ELEMENTARY,GOOSE CREEK CISD,0,B,2019
101911043,CEDAR BAYOU J H,GOOSE CREEK CISD,0,B,2019
101911123,CLARK ELEMENTARY,GOOSE CREEK CISD,0,C,2019
101911046,GENTRY J H,GOOSE CREEK CISD,0,B,2019
101911015,GOOSE CREEK MEMORIAL,GOOSE CREEK CISD,0,B,2019
101911107,HARLEM ELEMENTARY,GOOSE CREEK CISD,0,B,2019
101911012,HIGH POINT SCHOOL,GOOSE CREEK CISD,0,Not Rated,2019
101911108,HIGHLANDS ELEMENTARY,GOOSE CREEK CISD,0,D,2019
101911044,HIGHLANDS J H,GOOSE CREEK CISD,0,B,2019
101911117,HOPPER PRI,GOOSE CREEK CISD,0,D,2019
101911045,HORACE MANN J H,GOOSE CREEK CISD,0,C,2019
101911016,IMPACT EARLY COLLEGE HIGH SCHOOL,GOOSE CREEK CISD,0,A,2019
101911103,JAMES BOWIE ELEMENTARY,GOOSE CREEK CISD,0,C,2019
101911111,LAMAR ELEMENTARY,GOOSE CREEK CISD,0,C,2019
101911002,LEE HIGH SCHOOL,GOOSE CREEK CISD,0,B,2019
101911005,PETER E HYLAND CENTER,GOOSE CREEK CISD,0,B,2019
101911006,POINT ALTERNATIVE CENTER,GOOSE CREEK CISD,0,Not Rated,2019
101911112,SAN JACINTO ELEMENTARY,GOOSE CREEK CISD,0,B,2019
101911102,STEPHEN F AUSTIN ELEMENTARY,GOOSE CREEK CISD,0,B,2019
101911017,STUART CAREER TECH HIGH SCHOOL,GOOSE CREEK CISD,0,C,2019
101911122,VICTORIA WALKER ELEMENTARY,GOOSE CREEK CISD,0,B,2019
101912102,ALCOTT ELEMENTARY,HOUSTON ISD,0,B,2019
101912104,ALMEDA ELEMENTARY,HOUSTON ISD,0,C,2019
101912105,ANDERSON ELEMENTARY,HOUSTON ISD,0,D,2019
101912478,ARABIC IMMERSION MAGNET SCHOOL,HOUSTON ISD,0,A,2019
101912273,ASHFORD ELEMENTARY,HOUSTON ISD,1,F,2019
101912274,ASKEW ELEMENTARY,HOUSTON ISD,0,C,2019
101912106,ATHERTON ELEMENTARY,HOUSTON ISD,0,A,2019
101912041,ATTUCKS MIDDLE,HOUSTON ISD,0,D,2019
101912001,AUSTIN HIGH SCHOOL,HOUSTON ISD,0,C,2019
101912107,BARRICK ELEMENTARY,HOUSTON ISD,0,C,2019
101912108,BASTIAN ELEMENTARY,HOUSTON ISD,0,B,2019
101912467,BAYLOR COLLEGE OF MEDICINE ACADEMY,HOUSTON ISD,0,B,2019
101912234,BAYLOR COLLEGE OF MEDICINE BIOTECH,HOUSTON ISD,0,B,2019
101912151,BELL ELEMENTARY,HOUSTON ISD,0,B,2019
101912002,BELLAIRE HIGH SCHOOL,HOUSTON ISD,0,B,2019
101912360,BELLFORT EARLY CHILDHOOD CENTER,HOUSTON ISD,0,C,2019
101912295,BENAVIDEZ ELEMENTARY,HOUSTON ISD,0,C,2019
101912268,BENBROOK ELEMENTARY,HOUSTON ISD,0,B,2019
101912109,BERRY ELEMENTARY,HOUSTON ISD,0,B,2019
101912042,BLACK MIDDLE,HOUSTON ISD,0,B,2019
101912110,BLACKSHEAR ELEMENTARY,HOUSTON ISD,0,C,2019
101912111,BONHAM ELEMENTARY,HOUSTON ISD,0,C,2019
101912112,BONNER ELEMENTARY,HOUSTON ISD,0,B,2019
101912114,BRAEBURN ELEMENTARY,HOUSTON ISD,0,B,2019
101912116,BRIARGROVE ELEMENTARY,HOUSTON ISD,0,B,2019
101912344,BRIARMEADOW CHARTER,HOUSTON ISD,0,A,2019
101912117,BRISCOE ELEMENTARY,HOUSTON ISD,0,C,2019
101912119,BROOKLINE ELEMENTARY,HOUSTON ISD,0,A,2019
101912120,BROWNING ELEMENTARY,HOUSTON ISD,0,C,2019
101912121,BRUCE ELEMENTARY,HOUSTON ISD,0,D,2019
101912122,BURBANK ELEMENTARY,HOUSTON ISD,0,A,2019
101912043,BURBANK MIDDLE,HOUSTON ISD,0,A,2019
101912124,BURNET ELEMENTARY,HOUSTON ISD,0,B,2019
101912125,BURRUS ELEMENTARY,HOUSTON ISD,0,C,2019
101912275,BUSH ELEMENTARY,HOUSTON ISD,0,A,2019
101912287,CAGE ELEMENTARY,HOUSTON ISD,0,B,2019
101912322,CARNEGIE VANGUARD HIGH SCHOOL,HOUSTON ISD,0,A,2019
101912292,CARRILLO ELEMENTARY,HOUSTON ISD,0,B,2019
101912323,CHALLENGE EARLY COLLEGE HIGH SCHOOL,HOUSTON ISD,0,A,2019
101912027,CHAVEZ HIGH SCHOOL,HOUSTON ISD,0,C,2019
101912048,CLIFTON MIDDLE,HOUSTON ISD,0,D,2019
101912123,CODWELL ELEMENTARY,HOUSTON ISD,0,C,2019
101912013,COMMUNITY SERVICES-SEC,HOUSTON ISD,0,Not Rated,2019
101912130,CONDIT ELEMENTARY,HOUSTON ISD,0,A,2019
101912358,COOK JR ELEMENTARY,HOUSTON ISD,0,C,2019
101912132,COOP ELEMENTARY,HOUSTON ISD,0,B,2019
101912133,CORNELIUS ELEMENTARY,HOUSTON ISD,0,A,2019
101912290,CRESPO ELEMENTARY,HOUSTON ISD,0,B,2019
101912135,CROCKETT ELEMENTARY,HOUSTON ISD,0,A,2019
101912044,CULLEN MIDDLE,HOUSTON ISD,0,D,2019
101912136,CUNNINGHAM ELEMENTARY,HOUSTON ISD,0,C,2019
101912297,DAVILA ELEMENTARY,HOUSTON ISD,0,B,2019
101912137,DE CHAUMES ELEMENTARY,HOUSTON ISD,0,B,2019
101912138,DE ZAVALA ELEMENTARY,HOUSTON ISD,0,A,2019
101912045,DEADY MIDDLE,HOUSTON ISD,1,F,2019
101912383,DEANDA ELEMENTARY,HOUSTON ISD,0,A,2019
101912026,DEBAKEY HIGH SCHOOL FOR HEALTH PROF,HOUSTON ISD,0,A,2019
101912140,DOGAN ELEMENTARY,HOUSTON ISD,0,C,2019
101912115,DURHAM ELEMENTARY,HOUSTON ISD,0,C,2019
101912144,DURKEE ELEMENTARY,HOUSTON ISD,0,C,2019
101912345,EAST EARLY COLLEGE HIGH SCHOOL,HOUSTON ISD,0,A,2019
101912301,EASTWOOD ACADEMY,HOUSTON ISD,0,A,2019
101912046,EDISON MIDDLE,HOUSTON ISD,1,F,2019
101912466,EL DAEP,HOUSTON ISD,0,Not Rated,2019
101912147,ELIOT ELEMENTARY,HOUSTON ISD,0,A,2019
101912475,ELMORE ELEMENTARY,HOUSTON ISD,0,C,2019
101912148,ELROD ELEMENTARY,HOUSTON ISD,0,A,2019
101912149,EMERSON ELEMENTARY,HOUSTON ISD,0,C,2019
101912350,ENERGIZED FOR EXCELLENCE ACADEMY EARLY,HOUSTON ISD,0,B,2019
101912364,ENERGIZED FOR EXCELLENCE ACADEMY ELEMENTARY,HOUSTON ISD,0,B,2019
101912342,ENERGIZED FOR EXCELLENCE ACADEMY I,HOUSTON ISD,0,B,2019
101912321,ENERGIZED FOR STEM ACADEMY SOUTHEAST HIGH SCHOOL,HOUSTON ISD,0,B,2019
101912459,ENERGIZED FOR STEM ACADEMY SOUTHEAST MIDDLE SCHOOL ,HOUSTON ISD,1,F,2019
101912390,ENERGIZED FOR STEM ACADEMY SOUTHWEST MIDDLE SCHOOL,HOUSTON ISD,0,A,2019
101912455,ENERGIZED FOR STEM ACADEMY SOUTHWEST HIGH SCHOOL,HOUSTON ISD,0,B,2019
101912468,ENERGY INSTITUTE HIGH SCHOOL,HOUSTON ISD,0,B,2019
101912352,FARIAS EARLY CHILDHOOD CENTER,HOUSTON ISD,0,A,2019
101912152,FIELD ELEMENTARY,HOUSTON ISD,0,A,2019
101912078,FLEMING MIDDLE,HOUSTON ISD,1,F,2019
101912271,FOERSTER ELEMENTARY,HOUSTON ISD,0,C,2019
101912153,FONDREN ELEMENTARY,HOUSTON ISD,0,C,2019
101912072,FONDREN MIDDLE,HOUSTON ISD,0,D,2019
101912047,FONVILLE MIDDLE,HOUSTON ISD,0,D,2019
101912470,FONWOOD EARLY CHILDHOOD CTR,HOUSTON ISD,0,C,2019
101912476,FOREST BROOK MIDDLE,HOUSTON ISD,0,C,2019
101912154,FOSTER ELEMENTARY,HOUSTON ISD,0,A,2019
101912155,FRANKLIN ELEMENTARY,HOUSTON ISD,0,D,2019
101912156,FROST ELEMENTARY,HOUSTON ISD,0,B,2019
101912004,FURR HIGH SCHOOL,HOUSTON ISD,0,C,2019
101912291,GALLEGOS ELEMENTARY,HOUSTON ISD,0,D,2019
101912283,GARCIA ELEMENTARY,HOUSTON ISD,0,D,2019
101912157,GARDEN OAKS MONTESSORI,HOUSTON ISD,0,C,2019
101912158,GARDEN VILLAS ELEMENTARY,HOUSTON ISD,0,B,2019
101912159,GOLFCREST ELEMENTARY,HOUSTON ISD,0,C,2019
101912162,GREGG ELEMENTARY,HOUSTON ISD,0,C,2019
101912058,GREGORY-LINCOLN ELEMENTARY,HOUSTON ISD,0,D,2019
101912262,GRISSOM ELEMENTARY,HOUSTON ISD,0,C,2019
101912369,GROSS ELEMENTARY,HOUSTON ISD,0,D,2019
101912456,H S AHEAD ACADEMY,HOUSTON ISD,1,F,2019
101912034,H S FOR LAW AND JUSTICE,HOUSTON ISD,0,A,2019
101912131,HALPIN ELEMENTARY,HOUSTON ISD,0,B,2019
101912049,HAMILTON MIDDLE,HOUSTON ISD,0,B,2019
101912351,HARPER DAEP,HOUSTON ISD,0,Not Rated,2019
101912320,HARRIS CO J J A E P,HOUSTON ISD,0,Not Rated,2019
101912166,HARRIS J R ELEMENTARY,HOUSTON ISD,0,C,2019
101912167,HARRIS R P ELEMENTARY,HOUSTON ISD,0,C,2019
101912051,HARTMAN MIDDLE,HOUSTON ISD,0,C,2019
101912168,HARTSFIELD ELEMENTARY,HOUSTON ISD,0,D,2019
101912169,HARVARD ELEMENTARY,HOUSTON ISD,0,A,2019
101912097,HCC LIFE SKILLS PROGRAM,HOUSTON ISD,0,Not Rated,2019
101912012,HEIGHTS HIGH SCHOOL,HOUSTON ISD,0,B,2019
101912170,HELMS ELEMENTARY,HOUSTON ISD,0,B,2019
101912171,HENDERSON J ELEMENTARY,HOUSTON ISD,0,B,2019
101912172,HENDERSON N ELEMENTARY,HOUSTON ISD,0,B,2019
101912052,HENRY MIDDLE,HOUSTON ISD,0,D,2019
101912173,HEROD ELEMENTARY,HOUSTON ISD,0,A,2019
101912286,HERRERA ELEMENTARY,HOUSTON ISD,0,A,2019
101912174,HIGHLAND HTS ELEMENTARY,HOUSTON ISD,0,D,2019
101912473,HILLIARD ELEMENTARY,HOUSTON ISD,0,D,2019
101912395,HINES-CALDWELL ELEMENTARY,HOUSTON ISD,0,B,2019
101912175,HOBBY ELEMENTARY,HOUSTON ISD,0,D,2019
101912053,HOGG MIDDLE,HOUSTON ISD,0,B,2019
101912050,HOLLAND MIDDLE,HOUSTON ISD,0,C,2019
101912178,HORN ELEMENTARY,HOUSTON ISD,0,A,2019
101912348,HOUSTON ACADEMY FOR INTERNATIONAL,HOUSTON ISD,0,A,2019
101912310,HOUSTON MATH SCIENCE AND TECHNOLOG,HOUSTON ISD,0,C,2019
101912300,INSPIRED FOR EXCELLENCE ACADEMY IN,HOUSTON ISD,0,D,2019
101912180,ISAACS ELEMENTARY,HOUSTON ISD,1,F,2019
101912181,JANOWSKI ELEMENTARY,HOUSTON ISD,0,C,2019
101912182,JEFFERSON ELEMENTARY,HOUSTON ISD,0,B,2019
101912006,JONES FUTURES ACADEMY,HOUSTON ISD,0,A,2019
101912185,KASHMERE GARDENS ELEMENTARY,HOUSTON ISD,0,C,2019
101912007,KASHMERE HIGH SCHOOL,HOUSTON ISD,0,C,2019
101912187,KELSO ELEMENTARY,HOUSTON ISD,0,C,2019
101912188,KENNEDY ELEMENTARY,HOUSTON ISD,0,C,2019
101912389,KETELSEN ELEMENTARY,HOUSTON ISD,0,A,2019
101912079,KEY MIDDLE,HOUSTON ISD,1,F,2019
101912025,KINDER HIGH SCHOOL FOR PERFORMING AND VISU,HOUSTON ISD,0,A,2019
101912355,KING EARLY CHILDHOOD CTR,HOUSTON ISD,0,B,2019
101912189,KOLTER ELEMENTARY,HOUSTON ISD,0,A,2019
101912008,LAMAR HIGH SCHOOL,HOUSTON ISD,0,B,2019
101912057,LANIER MIDDLE,HOUSTON ISD,0,A,2019
101912192,LANTRIP ELEMENTARY,HOUSTON ISD,0,C,2019
101912340,LAS AMERICAS,HOUSTON ISD,0,Not Rated,2019
101912357,LAURENZO EARLY CHILDHOOD CTR,HOUSTON ISD,0,C,2019
101912263,LAW ELEMENTARY,HOUSTON ISD,0,C,2019
101912075,LAWSON MIDDLE,HOUSTON ISD,0,C,2019
101912194,LEWIS ELEMENTARY,HOUSTON ISD,0,C,2019
101912324,LIBERTY HIGH SCHOOL,HOUSTON ISD,0,A,2019
101912195,LOCKHART ELEMENTARY,HOUSTON ISD,0,C,2019
101912059,LONG ACADEMY,HOUSTON ISD,0,B,2019
101912196,LONGFELLOW ELEMENTARY,HOUSTON ISD,0,B,2019
101912197,LOOSCAN ELEMENTARY,HOUSTON ISD,0,B,2019
101912198,LOVE ELEMENTARY,HOUSTON ISD,0,C,2019
101912199,LOVETT ELEMENTARY,HOUSTON ISD,0,B,2019
101912128,LYONS ELEMENTARY,HOUSTON ISD,0,B,2019
101912201,MACGREGOR ELEMENTARY,HOUSTON ISD,0,C,2019
101912203,MADING ELEMENTARY,HOUSTON ISD,0,C,2019
101912010,MADISON HIGH SCHOOL,HOUSTON ISD,0,C,2019
101912460,MANDARIN IMMERSION MAGNET SCHOOL,HOUSTON ISD,0,A,2019
101912483,MARK WHITE ELEMENTARY,HOUSTON ISD,0,B,2019
101912480,MARSHALL ELEMENTARY,HOUSTON ISD,0,D,2019
101912061,MARSHALL MIDDLE,HOUSTON ISD,0,B,2019
101912289,MARTINEZ C ELEMENTARY,HOUSTON ISD,1,F,2019
101912298,MARTINEZ R ELEMENTARY,HOUSTON ISD,0,C,2019
101912179,MCGOWEN ELEMENTARY,HOUSTON ISD,0,C,2019
101912227,MCNAMARA ELEMENTARY,HOUSTON ISD,0,B,2019
101912062,MCREYNOLDS MIDDLE,HOUSTON ISD,0,D,2019
101912204,MEMORIAL ELEMENTARY,HOUSTON ISD,0,A,2019
101912055,MEYERLAND MIDDLE,HOUSTON ISD,0,B,2019
101912458,MICKEY LELAND COLLEGE PREP ACAD FO,HOUSTON ISD,0,A,2019
101912485,MIDDLE COLLEGE HIGH SCHOOL AT HCC FRAGA,HOUSTON ISD,0,B,2019
101912484,MIDDLE COLLEGE HIGH SCHOOL AT HCC GULFTON,HOUSTON ISD,0,B,2019
101912011,MILBY HIGH SCHOOL,HOUSTON ISD,0,C,2019
101912299,MILNE ELEMENTARY,HOUSTON ISD,0,C,2019
101912354,MISTRAL CENTER FOR EARLY CHILDHOOD,HOUSTON ISD,0,B,2019
101912264,MITCHELL ELEMENTARY,HOUSTON ISD,0,C,2019
101912207,MONTGOMERY ELEMENTARY,HOUSTON ISD,0,C,2019
101912359,MORENO ELEMENTARY,HOUSTON ISD,0,A,2019
101912311,MOUNT CARMEL ACADEMY,HOUSTON ISD,0,B,2019
101912054,NAVARRO MIDDLE,HOUSTON ISD,0,D,2019
101912209,NEFF ECC,HOUSTON ISD,0,C,2019
101912394,NEFF ELEMENTARY,HOUSTON ISD,0,C,2019
101912477,NORTH FOREST HIGH SCHOOL,HOUSTON ISD,0,D,2019
101912308,NORTH HOUSTON EARLY COLLEGE HIGH SCHOOL,HOUSTON ISD,0,A,2019
101912210,NORTHLINE ELEMENTARY,HOUSTON ISD,1,F,2019
101912003,NORTHSIDE HIGH SCHOOL,HOUSTON ISD,0,C,2019
101912211,OAK FOREST ELEMENTARY,HOUSTON ISD,0,A,2019
101912212,OATES ELEMENTARY,HOUSTON ISD,0,C,2019
101912338,ORTIZ MIDDLE,HOUSTON ISD,0,C,2019
101912213,OSBORNE ELEMENTARY,HOUSTON ISD,1,F,2019
101912214,PARK PLACE ELEMENTARY,HOUSTON ISD,0,A,2019
101912215,PARKER ELEMENTARY,HOUSTON ISD,0,A,2019
101912216,PATTERSON ELEMENTARY,HOUSTON ISD,0,B,2019
101912217,PECK ELEMENTARY,HOUSTON ISD,0,C,2019
101912064,PERSHING MIDDLE,HOUSTON ISD,0,B,2019
101912265,PETERSEN ELEMENTARY,HOUSTON ISD,0,C,2019
101912218,PILGRIM ACADEMY,HOUSTON ISD,0,B,2019
101912337,PIN OAK MIDDLE,HOUSTON ISD,0,A,2019
101912219,PINEY POINT ELEMENTARY,HOUSTON ISD,0,C,2019
101912220,PLEASANTVILLE ELEMENTARY,HOUSTON ISD,0,B,2019
101912221,POE ELEMENTARY,HOUSTON ISD,0,B,2019
101912222,PORT HOUSTON ELEMENTARY,HOUSTON ISD,0,C,2019
101912071,PROJECT CHRYSALIS MIDDLE,HOUSTON ISD,0,A,2019
101912223,PUGH ELEMENTARY,HOUSTON ISD,0,B,2019
101912380,R D S P D,HOUSTON ISD,0,Not Rated,2019
101912396,RAY DAILY ELEMENTARY,HOUSTON ISD,0,B,2019
101912382,REAGAN K-8 EDUCATIONAL CTR,HOUSTON ISD,0,C,2019
101912224,RED ELEMENTARY,HOUSTON ISD,0,B,2019
101912060,REVERE MIDDLE,HOUSTON ISD,0,C,2019
101912225,REYNOLDS ELEMENTARY,HOUSTON ISD,0,D,2019
101912080,RICE SCH /LA ESCUELA RICE,HOUSTON ISD,0,B,2019
101912228,RIVER OAKS ELEMENTARY,HOUSTON ISD,0,A,2019
101912229,ROBERTS ELEMENTARY,HOUSTON ISD,0,A,2019
101912186,ROBINSON ELEMENTARY,HOUSTON ISD,1,F,2019
101912113,RODERICK R PAIGE ELEMENTARY,HOUSTON ISD,0,B,2019
101912372,RODRIGUEZ ELEMENTARY,HOUSTON ISD,0,B,2019
101912231,ROOSEVELT ELEMENTARY,HOUSTON ISD,0,B,2019
101912232,ROSS ELEMENTARY,HOUSTON ISD,0,C,2019
101912233,RUCKER ELEMENTARY,HOUSTON ISD,1,F,2019
101912281,SANCHEZ ELEMENTARY,HOUSTON ISD,0,A,2019
101912237,SCARBOROUGH ELEMENTARY,HOUSTON ISD,0,C,2019
101912024,SCARBOROUGH HIGH SCHOOL,HOUSTON ISD,0,C,2019
101912353,SCHOOL AT ST GEORGE PLACE,HOUSTON ISD,0,B,2019
101912269,SCROGGINS ELEMENTARY,HOUSTON ISD,0,C,2019
101912402,SECONDARY DAEP,HOUSTON ISD,0,Not Rated,2019
101912373,SEGUIN ELEMENTARY,HOUSTON ISD,1,F,2019
101912276,SHADOWBRIAR ELEMENTARY,HOUSTON ISD,0,D,2019
101912479,SHADYDALE ELEMENTARY,HOUSTON ISD,0,C,2019
101912023,SHARPSTOWN HIGH SCHOOL,HOUSTON ISD,0,C,2019
101912081,SHARPSTOWN INTERNATIONAL SCHOOL,HOUSTON ISD,0,A,2019
101912239,SHEARN ELEMENTARY,HOUSTON ISD,0,C,2019
101912240,SHERMAN ELEMENTARY,HOUSTON ISD,0,C,2019
101912241,SINCLAIR ELEMENTARY,HOUSTON ISD,0,B,2019
101912242,SMITH ELEMENTARY,HOUSTON ISD,1,F,2019
101912069,SOAR CTR,HOUSTON ISD,0,Not Rated,2019
101912486,SOUTH EARLY COLLEGE HIGH SCHOOL,HOUSTON ISD,0,A,2019
101912244,SOUTHMAYD ELEMENTARY,HOUSTON ISD,0,B,2019
101912014,STERLING HIGH SCHOOL,HOUSTON ISD,0,C,2019
101912245,STEVENS ELEMENTARY,HOUSTON ISD,0,D,2019
101912098,STEVENSON MIDDLE,HOUSTON ISD,0,B,2019
101912163,SUGAR GROVE ACADEMY,HOUSTON ISD,2,F,2019
101912248,SUTTON ELEMENTARY,HOUSTON ISD,0,B,2019
101912039,T H ROGERS SCHOOL,HOUSTON ISD,0,A,2019
101912068,TANGLEWOOD MIDDLE,HOUSTON ISD,0,B,2019
101912100,TEXAS CONNECTIONS ACADEMY AT HOUST,HOUSTON ISD,0,C,2019
101912077,THOMAS MIDDLE,HOUSTON ISD,1,F,2019
101912243,THOMPSON ELEMENTARY,HOUSTON ISD,0,C,2019
101912279,TIJERINA ELEMENTARY,HOUSTON ISD,0,A,2019
101912374,TINSLEY ELEMENTARY,HOUSTON ISD,0,B,2019
101912249,TRAVIS ELEMENTARY,HOUSTON ISD,0,A,2019
101912328,TSU CHARTER LAB SCH,HOUSTON ISD,0,B,2019
101912251,TWAIN ELEMENTARY,HOUSTON ISD,0,A,2019
101912285,VALLEY WEST ELEMENTARY,HOUSTON ISD,0,C,2019
101912252,WAINWRIGHT ELEMENTARY,HOUSTON ISD,0,D,2019
101912253,WALNUT BEND ELEMENTARY,HOUSTON ISD,0,C,2019
101912015,WALTRIP HIGH SCHOOL,HOUSTON ISD,0,C,2019
101912016,WASHINGTON B T HIGH SCHOOL,HOUSTON ISD,0,C,2019
101912056,WELCH MIDDLE,HOUSTON ISD,0,C,2019
101912254,WESLEY ELEMENTARY,HOUSTON ISD,0,D,2019
101912099,WEST BRIAR MIDDLE,HOUSTON ISD,0,A,2019
101912255,WEST UNIVERSITY ELEMENTARY,HOUSTON ISD,0,A,2019
101912017,WESTBURY HIGH SCHOOL,HOUSTON ISD,0,C,2019
101912036,WESTSIDE HIGH SCHOOL,HOUSTON ISD,0,B,2019
101912256,WHARTON K-8 DUAL LANGUAGE ACADEMY,HOUSTON ISD,0,B,2019
101912018,WHEATLEY HIGH SCHOOL,HOUSTON ISD,7,F,2019
101912257,WHIDBY ELEMENTARY,HOUSTON ISD,1,F,2019
101912267,WHITE ELEMENTARY,HOUSTON ISD,0,B,2019
101912258,WHITTIER ELEMENTARY,HOUSTON ISD,0,B,2019
101912082,WILLIAMS MIDDLE,HOUSTON ISD,1,F,2019
101912259,WILSON MONTESSORI,HOUSTON ISD,0,C,2019
101912260,WINDSOR VILLAGE ELEMENTARY,HOUSTON ISD,0,B,2019
101912009,WISDOM HIGH SCHOOL,HOUSTON ISD,0,C,2019
101912127,WOODSON SCHOOL,HOUSTON ISD,0,B,2019
101912019,WORTHING HIGH SCHOOL,HOUSTON ISD,0,C,2019
101912020,YATES HIGH SCHOOL,HOUSTON ISD,0,D,2019
101912247,YOUNG ELEMENTARY,HOUSTON ISD,1,F,2019
101912392,YOUNG LEARNERS,HOUSTON ISD,0,A,2019
101912371,YOUNG SCHOLARS ACADEMY FOR EXCELLE,HOUSTON ISD,0,D,2019
101912463,YOUNG WOMEN'S COLLEGE PREP ACADEMY,HOUSTON ISD,0,A,2019
101914056,ADAMS J H,KATY ISD,0,Not Rated,2019
101914106,BEAR CREEK ELEMENTARY,KATY ISD,0,C,2019
101914050,BECKENDORFF J H,KATY ISD,0,A,2019
101914141,BETHKE ELEMENTARY,KATY ISD,0,B,2019
101914131,BONNIE HOLLAND ELEMENTARY,KATY ISD,0,A,2019
101914142,BRYANT ELEMENTARY,KATY ISD,0,A,2019
101914143,CAMPBELL ELEMENTARY,KATY ISD,0,A,2019
101914051,CARDIFF J H,KATY ISD,0,B,2019
101914007,CINCO RANCH HIGH SCHOOL,KATY ISD,0,A,2019
101914048,CINCO RANCH J H,KATY ISD,0,A,2019
101914108,DIANE WINBORN ELEMENTARY,KATY ISD,0,B,2019
101914114,EDNA MAE FIELDER ELEMENTARY,KATY ISD,0,A,2019
101914034,FORT BEND CO ALTER,KATY ISD,0,Not Rated,2019
101914126,FRANZ ELEMENTARY,KATY ISD,0,B,2019
101914137,FRED AND PATTI SHAFER ELEMENTARY,KATY ISD,0,A,2019
101914047,GARLAND MCMEANS J H,KATY ISD,0,A,2019
101914127,GRIFFIN ELEMENTARY,KATY ISD,0,A,2019
101914033,HARRIS CO SCH FOR ACCELERATED LRN,KATY ISD,0,Not Rated,2019
101914112,HAZEL S PATTISON ELEMENTARY,KATY ISD,0,A,2019
101914125,JACK & SHARON RHOADS ELEMENTARY,KATY ISD,0,B,2019
101914139,JAMES E RANDOLPH ELEMENTARY,KATY ISD,0,A,2019
101914118,JAMES E WILLIAMS ELEMENTARY,KATY ISD,0,A,2019
101914121,JEAN & BETTY SCHMALZ ELEMENTARY,KATY ISD,0,B,2019
101914115,JEANETTE HAYES ELEMENTARY,KATY ISD,0,A,2019
101914140,JENKS ELEMENTARY,KATY ISD,0,A,2019
101914124,JOELLA EXLEY ELEMENTARY,KATY ISD,0,A,2019
101914102,KATY ELEMENTARY,KATY ISD,0,A,2019
101914001,KATY HIGH SCHOOL,KATY ISD,0,B,2019
101914041,KATY J H,KATY ISD,0,B,2019
101914138,KEIKO DAVIDSON ELEMENTARY,KATY ISD,0,A,2019
101914144,LEONARD ELEMENTARY,KATY ISD,0,Not Rated,2019
101914113,LORAINE T GOLBOW ELEMENTARY,KATY ISD,0,B,2019
101914101,MAURICE L WOLFE ELEMENTARY,KATY ISD,0,C,2019
101914111,MAYDE CREEK ELEMENTARY,KATY ISD,0,B,2019
101914005,MAYDE CREEK HIGH SCHOOL,KATY ISD,0,B,2019
101914043,MAYDE CREEK J H,KATY ISD,0,B,2019
101914116,MCROBERTS ELEMENTARY,KATY ISD,0,B,2019
101914104,MEMORIAL PARKWAY ELEMENTARY,KATY ISD,0,B,2019
101914044,MEMORIAL PARKWAY J H,KATY ISD,0,A,2019
101914130,MORTON RANCH ELEMENTARY,KATY ISD,0,C,2019
101914009,MORTON RANCH HIGH SCHOOL,KATY ISD,0,B,2019
101914049,MORTON RANCH J H,KATY ISD,0,B,2019
101914109,NOTTINGHAM COUNTRY ELEMENTARY,KATY ISD,0,B,2019
101914122,ODESSA KILPATRICK ELEMENTARY,KATY ISD,0,A,2019
101914003,OPPORT AWARENESS CTR,KATY ISD,0,Not Rated,2019
101914013,PAETOW HIGH SCHOOL,KATY ISD,0,B,2019
101914134,RAY AND JAMIE WOLMAN ELEMENTARY,KATY ISD,0,A,2019
101914120,ROBERT KING ELEMENTARY,KATY ISD,0,C,2019
101914123,ROBERTA WRIGHT RYLANDER ELEMENTARY,KATY ISD,0,A,2019
101914046,RODGER & ELLEN BECK J H,KATY ISD,0,A,2019
101914117,ROOSEVELT ALEXANDER ELEMENTARY,KATY ISD,0,A,2019
101914010,SEVEN LAKES HIGH SCHOOL,KATY ISD,0,A,2019
101914053,SEVEN LAKES J H,KATY ISD,0,A,2019
101914132,STANLEY C STANLEY ELEMENTARY,KATY ISD,0,A,2019
101914055,STOCKDICK J H,KATY ISD,0,B,2019
101914119,SUE CREECH ELEMENTARY,KATY ISD,0,A,2019
101914110,SUNDOWN ELEMENTARY,KATY ISD,0,B,2019
101914045,T H MCDONALD J H,KATY ISD,0,B,2019
101914002,TAYLOR HIGH SCHOOL,KATY ISD,0,A,2019
101914054,TAYS J H,KATY ISD,0,A,2019
101914133,TOM WILSON ELEMENTARY,KATY ISD,0,A,2019
101914012,TOMPKINS HIGH SCHOOL,KATY ISD,0,A,2019
101914128,URSULA STEPHENS ELEMENTARY,KATY ISD,0,B,2019
101914103,WEST MEMORIAL ELEMENTARY,KATY ISD,0,B,2019
101914042,WEST MEMORIAL J H,KATY ISD,0,B,2019
101914129,WOODCREEK ELEMENTARY,KATY ISD,0,A,2019
101914052,WOODCREEK J H,KATY ISD,0,A,2019
101914105,ZELMA HUTSELL ELEMENTARY,KATY ISD,0,B,2019
101924001,C E KING HIGH SCHOOL,SHELDON ISD,0,B,2019
101924041,C E KING MIDDLE,SHELDON ISD,0,C,2019
101924111,GARRETT ELEMENTARY,SHELDON ISD,1,F,2019
101924109,H M CARROLL ELEMENTARY,SHELDON ISD,0,C,2019
101924014,HIGH POINT EAST,SHELDON ISD,0,Not Rated,2019
101924012,KASE ACADEMY,SHELDON ISD,0,B,2019
101924104,L E MONAHAN ELEMENTARY,SHELDON ISD,0,D,2019
101924043,MICHAEL R NULL MIDDLE,SHELDON ISD,0,C,2019
101924102,ROYALWOOD ELEMENTARY,SHELDON ISD,0,B,2019
101924110,SHELDON EARLY CHILDHOOD ACADEMY,SHELDON ISD,0,C,2019
101924108,SHELDON ELEMENTARY,SHELDON ISD,0,C,2019
101924112,SHELDON LAKE ELEMENTARY,SHELDON ISD,0,Not Rated,2019
101924107,STEPHANIE CRAVENS EARLY CHILDHOOD,SHELDON ISD,0,B,2019
101920016,ACADEMY OF CHOICE,SPRING BRANCH ISD,0,C,2019
101920101,BENDWOOD SCHOOL,SPRING BRANCH ISD,0,Not Rated,2019
101920126,BUFFALO CREEK ELEMENTARY,SPRING BRANCH ISD,0,C,2019
101920102,BUNKER HILL ELEMENTARY,SPRING BRANCH ISD,0,A,2019
101920124,CEDAR BROOK ELEMENTARY,SPRING BRANCH ISD,0,B,2019
101920048,CORNERSTONE ACADEMY,SPRING BRANCH ISD,0,A,2019
101920103,EDGEWOOD ELEMENTARY,SPRING BRANCH ISD,0,B,2019
101920104,FROSTWOOD ELEMENTARY,SPRING BRANCH ISD,0,A,2019
101920105,HOLLIBROOK ELEMENTARY,SPRING BRANCH ISD,0,B,2019
101920106,HOUSMAN ELEMENTARY,SPRING BRANCH ISD,0,D,2019
101920107,HUNTERS CREEK ELEMENTARY,SPRING BRANCH ISD,0,A,2019
101920041,LANDRUM MIDDLE,SPRING BRANCH ISD,0,C,2019
101920108,MEADOW WOOD ELEMENTARY,SPRING BRANCH ISD,0,B,2019
101920109,MEMORIAL DRIVE ELEMENTARY,SPRING BRANCH ISD,0,A,2019
101920001,MEMORIAL HIGH SCHOOL,SPRING BRANCH ISD,0,A,2019
101920042,MEMORIAL MIDDLE,SPRING BRANCH ISD,0,A,2019
101920005,NORTHBROOK HIGH SCHOOL,SPRING BRANCH ISD,0,C,2019
101920047,NORTHBROOK MIDDLE,SPRING BRANCH ISD,0,C,2019
101920121,NOTTINGHAM ELEMENTARY,SPRING BRANCH ISD,0,A,2019
101920110,PINE SHADOWS ELEMENTARY,SPRING BRANCH ISD,0,C,2019
101920111,RIDGECREST ELEMENTARY,SPRING BRANCH ISD,0,B,2019
101920112,RUMMEL CREEK ELEMENTARY,SPRING BRANCH ISD,0,A,2019
101920113,SHADOW OAKS ELEMENTARY,SPRING BRANCH ISD,0,C,2019
101920119,SHERWOOD ELEMENTARY,SPRING BRANCH ISD,0,C,2019
101920018,SPRING BRANCH ACADEMIC INSTITUTE,SPRING BRANCH ISD,0,A,2019
101920114,SPRING BRANCH ELEMENTARY,SPRING BRANCH ISD,1,F,2019
101920043,SPRING BRANCH MIDDLE,SPRING BRANCH ISD,0,B,2019
101920045,SPRING FOREST MIDDLE,SPRING BRANCH ISD,0,B,2019
101920046,SPRING OAKS MIDDLE,SPRING BRANCH ISD,1,F,2019
101920120,SPRING SHADOW ELEMENTARY,SPRING BRANCH ISD,0,D,2019
101920003,SPRING WOODS HIGH SCHOOL,SPRING BRANCH ISD,0,C,2019
101920044,SPRING WOODS MIDDLE,SPRING BRANCH ISD,0,D,2019
101920006,STRATFORD HIGH SCHOOL,SPRING BRANCH ISD,0,B,2019
101920122,TERRACE ELEMENTARY,SPRING BRANCH ISD,0,D,2019
101920131,THE BEAR BLVD SCHOOL,SPRING BRANCH ISD,0,A,2019
101920130,THE LION LANE SCHOOL,SPRING BRANCH ISD,0,B,2019
101920129,THE PANDA PATH SCHOOL,SPRING BRANCH ISD,0,B,2019
101920132,THE TIGER TRAIL SCHOOL,SPRING BRANCH ISD,0,C,2019
101920128,THE WILDCAT WAY SCHOOL,SPRING BRANCH ISD,0,A,2019
101920123,THORNWOOD ELEMENTARY,SPRING BRANCH ISD,1,F,2019
101920125,TREASURE FOREST ELEMENTARY,SPRING BRANCH ISD,1,F,2019
101920115,VALLEY OAKS ELEMENTARY,SPRING BRANCH ISD,0,A,2019
101920014,WESTCHESTER ACADEMY FOR INTERNATIO,SPRING BRANCH ISD,0,A,2019
101920116,WESTWOOD ELEMENTARY,SPRING BRANCH ISD,0,D,2019
101920118,WILCHESTER ELEMENTARY,SPRING BRANCH ISD,0,A,2019
101920117,WOODVIEW ELEMENTARY,SPRING BRANCH ISD,0,D,2019
101919003,ANDY DEKANEY HIGH SCHOOL,SPRING ISD,0,D,2019
101919102,BAMMEL ELEMENTARY,SPRING ISD,0,D,2019
101919046,BAMMEL MIDDLE,SPRING ISD,1,F,2019
101919112,BENEKE ELEMENTARY,SPRING ISD,0,B,2019
101919018,CARL WUNSCHE SR HIGH SCHOOL,SPRING ISD,0,A,2019
101919124,CAROLEE BOOKER ELEMENTARY,SPRING ISD,0,C,2019
101919119,CHET BURCHETT ELEMENTARY,SPRING ISD,0,B,2019
101919116,CLARK INT,SPRING ISD,0,D,2019
101919129,CLARK PRI,SPRING ISD,0,Not Rated,2019
101919114,DELORAS E THOMPSON ELEMENTARY,SPRING ISD,0,C,2019
101919123,DONNA LEWIS ELEMENTARY,SPRING ISD,0,B,2019
101919044,DUEITT MIDDLE,SPRING ISD,1,F,2019
101919050,EDWARD ROBERSON MIDDLE,SPRING ISD,0,A,2019
101919043,EDWIN M WELLS MIDDLE,SPRING ISD,1,F,2019
101919121,GINGER MCNABB ELEMENTARY,SPRING ISD,0,A,2019
101919128,GLORIA MARSHALL ELEMENTARY,SPRING ISD,0,C,2019
101919127,HELEN MAJOR ELEMENTARY,SPRING ISD,1,F,2019
101919115,HERITAGE ELEMENTARY,SPRING ISD,0,B,2019
101919125,HOYLAND ELEMENTARY,SPRING ISD,0,D,2019
101919110,JOAN LINK ELEMENTARY,SPRING ISD,0,B,2019
101919104,JOHN WINSHIP ELEMENTARY,SPRING ISD,0,C,2019
101919106,MEYER ELEMENTARY,SPRING ISD,0,C,2019
101919107,MILDRED JENKINS ELEMENTARY,SPRING ISD,0,D,2019
101919120,MILTON COOPER ELEMENTARY,SPRING ISD,0,B,2019
101919122,NORTHGATE ELEMENTARY,SPRING ISD,0,B,2019
101919105,PAT REYNOLDS ELEMENTARY,SPRING ISD,0,C,2019
101919108,PEARL M HIRSCH ELEMENTARY,SPRING ISD,0,D,2019
101919103,PONDEROSA ELEMENTARY,SPRING ISD,0,B,2019
101919126,RALPH EICKENROHT ELEMENTARY,SPRING ISD,1,F,2019
101919022,RICHEY ACADEMY,SPRING ISD,0,Not Rated,2019
101919048,RICKEY C BAILEY MIDDLE,SPRING ISD,1,F,2019
101919117,SALYERS ELEMENTARY,SPRING ISD,0,D,2019
101919021,SPRING EARLY COLLEGE ACADEMY,SPRING ISD,0,A,2019
101919001,SPRING HIGH SCHOOL,SPRING ISD,0,C,2019
101919052,SPRING LEADERSHIP ACADEMY,SPRING ISD,0,Not Rated,2019
101919051,SPRINGWOODS VILLAGE MIDDLE,SPRING ISD,0,Not Rated,2019
101919047,STELLE CLAUGHTON MIDDLE,SPRING ISD,1,F,2019
101919045,TWIN CREEKS MIDDLE,SPRING ISD,0,C,2019
101919002,WESTFIELD HIGH SCHOOL,SPRING ISD,0,D,2019
888888882,MCELWAIN ELEMENTARY,KATY ISD,0,Not Rated,2019
